name,id,phone,id
Abby,100,050-1234567,1000
Adam,101,050-2345678,1001
Alan,102,050-3456789,1002
Alex,103,050-4567890,1003
Ally,104,050-5678901,1004
Amir,105,050-6789012,1005
Andy,106,050-7890123,1006
Anne,107,050-8901234,1007
Aria,108,050-9012345,1008
Aron,109,050-0123456,1009
Axel,110,052-1234567,1010
Barb,111,052-2345678,1011
Bart,112,052-3456789,1012
Beau,113,052-4567890,1013
Beth,114,052-5678901,1014
Bill,115,052-6789012,1015
Brad,116,052-7890123,1016
Burt,117,052-8901234,1017
Carl,118,052-9012345,1018
Chad,119,052-0123456,1019
Clay,120,053-1234567,1020
Cody,121,053-2345678,1021
Cory,122,053-3456789,1022
Cruz,123,053-4567890,1023
Dale,124,053-5678901,1024
Dana,125,053-6789012,1025
Dani,126,053-7890123,1026
Dave,127,053-8901234,1027
Dean,128,053-9012345,1028
Drew,129,053-0123456,1029
Duan,130,054-1234567,1030
Duke,131,054-2345678,1031
Earl,132,054-3456789,1032
Edie,133,054-4567890,1033
Ella,134,054-5678901,1034
Elle,135,054-6789012,1035
Eric,136,054-7890123,1036
Evan,137,054-8901234,1037
Finn,138,054-9012345,1038
Fran,139,054-0123456,1039
Gail,140,055-1234567,1040
Gary,141,055-2345678,1041
Gina,142,055-3456789,1042
Glen,143,055-4567890,1043
Greg,144,055-5678901,1044
Hank,145,055-6789012,1045
Hans,146,055-7890123,1046
Herb,147,055-8901234,1047
Hugh,148,055-9012345,1048
Ian,149,055-0123456,1049
Jack,150,056-1234567,1050
Jade,151,056-2345678,1051
Jake,152,056-3456789,1052
Jane,153,056-4567890,1053
Jase,154,056-5678901,1054
Javi,155,056-6789012,1055
Jean,156,056-7890123,1056
Jeff,157,056-8901234,1057
Jenn,158,056-9012345,1058
Jess,159,056-0123456,1059
Jill,160,057-1234567,1060
Jodi,161,057-2345678,1061
Joel,162,057-3456789,1062
Joey,163,057-4567890,1063
John,164,057-5678901,1064
Josh,165,057-6789012,1065
Juan,166,057-7890123,1066
Jude,167,057-8901234,1067
Kara,168,057-9012345,1068
Kate,169,057-0123456,1069
Katy,170,058-1234567,1070
Kaye,171,058-2345678,1071
Kyle,172,058-3456789,1072
Lana,173,058-4567890,1073
Leah,174,058-5678901,1074
Liam,175,058-6789012,1075
Lila,176,058-7890123,1076
Lily,177,058-8901234,1077
Lisa,178,058-9012345,1078
Lois,179,058-0123456,1079
Lori,180,059-1234567,1080
Luca,181,059-2345678,1081
Lucy,182,059-3456789,1082
Luis,183,059-4567890,1083
Luke,184,059-5678901,1084
Mace,185,059-6789012,1085
Mara,186,059-7890123,1086
Mark,187,059-8901234,1087
Mary,188,059-9012345,1088
Matt,189,059-0123456,1089
Max,190,072-1234567,1090
Maya,191,072-2345678,1091
Meg,192,072-3456789,1092
Mike,193,072-4567890,1093
Nate,194,072-5678901,1094
Neal,195,072-6789012,1095
Nick,196,072-7890123,1096
Noah,197,072-8901234,1097
Noel,198,072-9012345,1098
Owen,199,072-0123456,1099
Paul,200,073-1234567,1100
Pete,201,073-2345678,1101
Phil,202,073-3456789,1102
Quinn,203,073-4567890,1103
Raul,204,073-5678901,1104
Reed,205,073-6789012,1105
Rhys,206,073-7890123,1106
Rick,207,073-8901234,1107
Rob,208,073-9012345,1108
Rolf,209,073-0123456,1109
Rosa,210,074-1234567,1110
Ross,211,074-2345678,1111
Ryan,212,074-3456789,1112
Sage,213,074-4567890,1113
Sam,214,074-5678901,1114
Sean,215,074-6789012,1115
Seth,216,074-7890123,1116
Shaw,217,074-8901234,1117
Stan,218,074-9012345,1118
Tate,219,074-0123456,1119
Teri,220,076-1234567,1120
Tess,221,076-2345678,1121
Toby,222,076-3456789,1122
Todd,223,076-4567890,1123
Tom,224,076-5678901,1124
Tony,225,076-6789012,1125
Trey,226,076-7890123,1126
Troy,227,076-8901234,1127
Ty,228,076-9012345,1128
Vera,229,076-0123456,1129
Vince,230,077-1234567,1130
Wade,231,077-2345678,1131
Walt,232,077-3456789,1132
Will,233,077-4567890,1133
Wynn,234,077-5678901,1134
Zane,235,077-6789012,1135
Zara,236,077-7890123,1136
Zoey,237,077-8901234,1137
Aida,238,077-9012345,1138
Amos,239,077-0123456,1139
Beau,240,078-1234567,1140
Bing,241,078-2345678,1141
Boyd,242,078-3456789,1142
Bryn,243,078-4567890,1143
Cade,244,078-5678901,1144
Cain,245,078-6789012,1145
Cate,246,078-7890123,1146
Chad,247,078-8901234,1147
Cher,248,078-9012345,1148
Chip,249,078-0123456,1149
Clem,250,079-1234567,1150
Cole,251,079-2345678,1151
Cory,252,079-3456789,1152
Cruz,253,079-4567890,1153
Cyan,254,079-5678901,1154
Dale,255,079-6789012,1155
Darl,256,079-7890123,1156
Davy,257,079-8901234,1157
Dean,258,079-9012345,1158
Drew,259,079-0123456,1159
Earl,260,080-1234567,1160
Eden,261,080-2345678,1161
Edie,262,080-3456789,1162
Elio,263,080-4567890,1163
Elly,264,080-5678901,1164
Eryn,265,080-6789012,1165
Evan,266,080-7890123,1166
Ezra,267,080-8901234,1167
Faye,268,080-9012345,1168
Finn,269,080-0123456,1169
Ford,270,081-1234567,1170
Fred,271,081-2345678,1171
Gale,272,081-3456789,1172
Gary,273,081-4567890,1173
Gena,274,081-5678901,1174
Glen,275,081-6789012,1175
Hank,276,081-7890123,1176
Hans,277,081-8901234,1177
Hank,278,081-9012345,1178
Hugh,279,081-0123456,1179
Imre,280,082-1234567,1180
Jace,281,082-2345678,1181
Jada,282,082-3456789,1182
Jade,283,082-4567890,1183
Jake,284,082-5678901,1184
Jame,285,082-6789012,1185
Javi,286,082-7890123,1186
Jean,287,082-8901234,1187
Jess,288,082-9012345,1188
Joel,289,082-0123456,1189
Joey,290,083-1234567,1190
John,291,083-2345678,1191
June,292,083-3456789,1192
Kara,293,083-4567890,1193
Karl,294,083-5678901,1194
Kate,295,083-6789012,1195
Katy,296,083-7890123,1196
Kyle,297,083-8901234,1197
Lane,298,083-9012345,1198
Lara,299,083-0123456,1199
Lars,300,084-1234567,1200
Leah,301,084-2345678,1201
Leon,302,084-3456789,1202
Liam,303,084-4567890,1203
Lisa,304,084-5678901,1204
Liza,305,084-6789012,1205
Lou,306,084-7890123,1206
Luca,307,084-8901234,1207
Lyle,308,084-9012345,1208
Mack,309,084-0123456,1209
Mae,310,085-1234567,1210
Mark,311,085-2345678,1211
Mary,312,085-3456789,1212
Matt,313,085-4567890,1213
Max,314,085-5678901,1214
Mike,315,085-6789012,1215
Nala,316,085-7890123,1216
Nate,317,085-8901234,1217
Neal,318,085-9012345,1218
Neil,319,085-0123456,1219
Nick,320,086-1234567,1220
Nils,321,086-2345678,1221
Noah,322,086-3456789,1222
Noel,323,086-4567890,1223
Owen,324,086-5678901,1224
Paco,325,086-6789012,1225
Paul,326,086-7890123,1226
Pete,327,086-8901234,1227
Quinn,328,086-9012345,1228
Ralf,329,086-0123456,1229
Reid,330,087-1234567,1230
Rene,331,087-2345678,1231
Rhys,332,087-3456789,1232
Rick,333,087-4567890,1233
Rolf,334,087-5678901,1234
Ross,335,087-6789012,1235
Ryan,336,087-7890123,1236
Sage,337,087-8901234,1237
Saul,338,087-9012345,1238
Sean,339,087-0123456,1239
Seth,340,088-1234567,1240
Shea,341,088-2345678,1241
Stan,342,088-3456789,1242
Tate,343,088-4567890,1243
Todd,344,088-5678901,1244
Tom,345,088-6789012,1245
Toni,346,088-7890123,1246
Tory,347,088-8901234,1247
Trey,348,088-9012345,1248
Troy,349,088-0123456,1249
Tyra,350,089-1234567,1250
Vick,351,089-2345678,1251
Walt,352,089-3456789,1252
Will,353,089-4567890,1253
Yves,354,089-5678901,1254
Zane,355,089-6789012,1255
Zeke,356,089-7890123,1256
Zola,357,089-8901234,1257
Axel,358,089-9012345,1258
Brad,359,089-0123456,1259
Brie,360,090-1234567,1260
Cary,361,090-2345678,1261
Chad,362,090-3456789,1262
Clay,363,090-4567890,1263
Dale,364,090-5678901,1264
Dean,365,090-6789012,1265
Edie,366,090-7890123,1266
Ella,367,090-8901234,1267
Erik,368,090-9012345,1268
Faye,369,090-0123456,1269
Finn,370,091-1234567,1270
Fred,371,091-2345678,1271
Greg,372,091-3456789,1272
Hank,373,091-4567890,1273
Hugh,374,091-5678901,1274
Ivan,375,091-6789012,1275
Jack,376,091-7890123,1276
Jake,377,091-8901234,1277
Jeff,378,091-9012345,1278
Joel,379,091-0123456,1279
John,380,092-1234567,1280
Juan,381,092-2345678,1281
Kent,382,092-3456789,1282
Lara,383,092-4567890,1283
Liam,384,092-5678901,1284
Lois,385,092-6789012,1285
Luca,386,092-7890123,1286
Mack,387,092-8901234,1287
Mark,388,092-9012345,1288
Neil,389,092-0123456,1289
Nick,390,093-1234567,1290
Owen,391,093-2345678,1291
Paul,392,093-3456789,1292
Raul,393,093-4567890,1293
Rhys,394,093-5678901,1294
Rick,395,093-6789012,1295
Ross,396,093-7890123,1296
Ryan,397,093-8901234,1297
Saul,398,093-9012345,1298
Seth,399,093-0123456,1299
Stan,400,094-1234567,1300
Todd,401,094-2345678,1301
Troy,402,094-3456789,1302
Vera,403,094-4567890,1303
Walt,404,094-5678901,1304
Zane,405,094-6789012,1305
Abby,406,094-7890123,1306
Adam,407,094-8901234,1307
Alan,408,094-9012345,1308
Alex,409,094-0123456,1309
Amir,410,095-1234567,1310
Andy,411,095-2345678,1311
Anne,412,095-3456789,1312
Aron,413,095-4567890,1313
Axel,414,095-5678901,1314
Barb,415,095-6789012,1315
Bart,416,095-7890123,1316
Beau,417,095-8901234,1317
Bill,418,095-9012345,1318
Brad,419,095-0123456,1319
Carl,420,096-1234567,1320
Chad,421,096-2345678,1321
Cody,422,096-3456789,1322
Cory,423,096-4567890,1323
Cruz,424,096-5678901,1324
Dana,425,096-6789012,1325
Dani,426,096-7890123,1326
Dave,427,096-8901234,1327
Drew,428,096-9012345,1328
Duke,429,096-0123456,1329
Earl,430,097-1234567,1330
Evan,431,097-2345678,1331
Finn,432,097-3456789,1332
Gail,433,097-4567890,1333
Gary,434,097-5678901,1334
Glen,435,097-6789012,1335
Greg,436,097-7890123,1336
Hugh,437,097-8901234,1337
Jack,438,097-9012345,1338
Jade,439,097-0123456,1339
Jake,440,098-1234567,1340
Jane,441,098-2345678,1341
Joel,442,098-3456789,1342
Joey,443,098-4567890,1343
John,444,098-5678901,1344
Josh,445,098-6789012,1345
Jude,446,098-7890123,1346
Kyle,447,098-8901234,1347
Lana,448,098-9012345,1348
Leah,449,098-0123456,1349
Liam,450,099-1234567,1350
Lily,451,099-2345678,1351
Luca,452,099-3456789,1352
Lucy,453,099-4567890,1353
Luis,454,099-5678901,1354
Luke,455,099-6789012,1355
Mark,456,099-7890123,1356
Mary,457,099-8901234,1357
Matt,458,099-9012345,1358
Maya,459,099-0123456,1359
Mike,460,070-1234567,1360
Nate,461,070-2345678,1361
Nick,462,070-3456789,1362
Noah,463,070-4567890,1363
Owen,464,070-5678901,1364
Paul,465,070-6789012,1365
Pete,467,070-7890123,1366
Quinn,468,070-8901234,1367
Reed,469,070-9012345,1368
Rick,470,070-0123456,1369
Rob,471,071-1234567,1370
Ryan,472,071-2345678,1371
Seth,473,071-3456789,1372
Stan,474,071-4567890,1373
Tate,475,071-5678901,1374
Toby,476,071-6789012,1375
Todd,477,071-7890123,1376
Tom,478,071-8901234,1377
Troy,479,071-9012345,1378
Wade,480,071-0123456,1379
Will,481,073-1234567,1380
Zane,482,073-2345678,1381
Zoey,483,073-3456789,1382
Amir,484,073-4567890,1383
Aida,485,073-5678901,1384
Bing,486,073-6789012,1385
Cate,487,073-7890123,1386
Clem,488,073-8901234,1387
Cory,489,073-9012345,1388
Cyan,490,073-0123456,1389
Davy,491,074-1234567,1390
Elio,492,074-2345678,1391
Faye,493,074-3456789,1392
Gena,494,074-4567890,1393
Hans,495,074-5678901,1394
Imre,496,074-6789012,1395
Jace,497,074-7890123,1396
Jame,498,074-8901234,1397
Lane,499,074-9012345,1398
Lara,500,074-5874123,1399
